"","Prevalence.Estimate.Name","Serotracker_record_used_for_sampling_method","Serotracker_sampling_method","Dataset_Serotracker","Dataset_Chen","Dataset_both","Excluded_data","Excluded_screening","Excluded","exclusion_reason","Notes_exclusion","Author","url1","Population","source_population","date_start","date_end","Overall.Risk.of.Bias..JBI.","Country.or.Area","Geo","Specific.Geography","Location","Country","Region","IR_lower","IR_upper","deaths14_lower","deaths14_upper","death_data_quality","source_deathsdata","aged_65_older","source_aged65data","GDPppp","source_GDPdata","oecd_region","OECD_GDP","OECD_GDP_source"
"2","{petersen2020seroprevalence}","200727_ FaroeIslands_TheFaroeseHospitalSystem_GenPop_TestAdj","Simplified probability",1,1,1,0,0,0,"","","Petersen et al.","http://dx.doi.org/10.3201/eid2611.202736",52154,"Population value is from \citet{petersen2020seroprevalence} (``In the Faroe Islands, a geographic isolate of 52,154 inhabitants.'').","2020-04-27","2020-05-01","Low","Faroe Islands","Europe","Faroe Islands; Faroe Islands","Faroe Islands, Denmark","Denmark","Denmark",0.1,1.2,1,1,1,"For \citet{petersen2020seroprevalence}, information on deaths for the Faroe Islands was obtained from \url{corona.fo/hagtol}, the government information website concerning COVID19 in the Faroe Islands.",17,"Data for the proportion aged over 65 is from Index mundi (see \url{https://tinyurl.com/bb2pwrx6}; accessed on April 29, 2021) which cites the CIA World Factbook as a source.",60421,"GDP value is from value listed for Denmark from World Bank's World Development Indicators (WDI) data (see: \url{https://data.worldbank.org/indicator/NY.GDP.PCAP.PP.CD} (last updated 2021-04-26)). ",1,60421,1
"4","{carrat2020seroprevalence}","200918_France_ParisUniversity_Overall","Simplified probability",0,1,0,0,0,0,"","","Carrat et al.","dx.doi.org/10.2139/ssrn.3696820",12213447,"Population data from the Institut national de la statistique et des etudes economiques (INSEE) (see \url{https://www.insee.fr/fr/statistiques/5002478}; accessed July 29, 2021).","2020-05-04","2020-06-14","Moderate","France","Europe","Ile-de-France, France","Ile-de-France, France","France","Île-de-France",8.9,11.3,6766,7037,1,"For \citet{carrat2020seroprevalence}, we only consider Ile-de-France phase of the study (see Supp. Table 1 for sampling dates).  Data for the number of deaths for Ile-de-France was obtained from the French government COVID-19 dashboard (see \url{https://dashboard.covid19.data.gouv.fr/vue-d-ensemble?location=FRA}; accessed on August 4, 2021).  Note that this death total does not include deaths that occurred in long term care facilities (``EHPAD et EMS'').",14,"Data for the proportion aged over 65 is from \url{https://contrevues.paris/ile-de-france-comment-le-vieillissement-de-la-population-impacte-lhabitat/} (accessed on April 29, 2021).",82574,"GDP value is from value listed for France from World Bank's World Development Indicators (WDI) data (see: \url{https://data.worldbank.org/indicator/NY.GDP.PCAP.PP.CD} (last updated 2021-04-26)).",1,82574,1
"5","{santos2020serology}","201126_Kupferzell_RobertKochInstitute_OverallAdj","Simplified probability",1,1,1,0,0,0,"","","Santos-Hovener et al.","https://dx.doi.org/10.2807/1560-7917.ES.2020.25.47.2001752",6247,"Population value is from Wikipedia (\url{https://als.wikipedia.org/wiki/Kupferzell}; accessed July 30, 2021) which cites the Statistisches Landesamt Baden-Württemberg – Bevölkerung nach Nationalität und Geschlecht am 31. Dezember 2019 (CSV-Datei).","2020-05-20","2020-06-09","Low","Germany","Europe","Germany; Baden-W√ºrttemberg; Kupferzell","Kupferzell, Germany","Germany","Baden-Württemberg ",10.4,14,3,3,1,"For \citet{santos2020serology}, data for the number of deaths for Kupferzell, Germany was obtained directly from \citet{santos2020serology} (citing the Robert Koch Institute) which suggested that (in Figure 1) no more than 3 deaths occured in the town for the period before July, 2020.  Despite efforts, no publicly available dataset was found which could confirm these numbers specific these numbers.",16,"Data for the proportion aged over 65 is from: \url{https://ugeo.urbistat.com/AdminStat/en/de/demografia/eta/kupferzell/20172564/4} (accessed on April 29, 2021). ",63885,"GDP value is from value listed for Germany from World Bank's World Development Indicators (WDI) data (see: \url{https://data.worldbank.org/indicator/NY.GDP.PCAP.PP.CD} (last updated 2021-04-26)).",1,63885,1
"6","{streeck2020infection}","201117_Gangelt_UniversityofBonn_ v3_overall_TestAdj_IgG","Simplified probability",1,1,1,0,0,0,"","","Streeck et al.","https://www.nature.com/articles/s41467-020-19509-y",12597,"Streeck et al.: ""In the German community of Gangelt (12,597 inhabitants, January 1, 2020)""","2020-03-31","2020-04-06","Low, Low","Germany","Europe","Germany; Heinsberg; Gangelt","Gangelt, Germany","Germany","North Rhine-Westphalia",12.31,24.4,8,10,1,"For \citet{streeck2020infection}, the number of deaths for Gangelt, Kreis Heinsberg, Germany, is directly noted in the \citet{streeck2020infection} article.  No publicly available dataset was found, however we did find information on the Gangelt municipal bulletin (see \url{www.gangelt.de/news/226-erster-corona-fall-in-nrw}; accessed on April 28, 2021) and an investigative report (see \url{https://medwatch.de/2020/11/26/die-ungezaehlten-todesfaelle-aus-gangelt/}; accessed on May 20, 2021) which suggests that 8 to 10 as a reasonable range.  Note that the seroprevalence estimates for this study are based on the results of antibody tests as well as the results of PCR tests.   As such the 14 day offset may not be as appropriate for this study as compared to other studies that consider only antibody tests. ",18,"Data for the proportion aged over 65 is from Figure S1 of \citet{streeck2020infection}.",53751,"GDP value is from value listed for Germany from World Bank's World Development Indicators (WDI) data (see: \url{https://data.worldbank.org/indicator/NY.GDP.PCAP.PP.CD} (last updated 2021-04-26)).",1,53751,1
"8","{murhekar2020prevalence}","200917_India_MinistryofHealth&FamilyWelfare_OverallPopTestAdj","Stratified probability",1,1,1,0,0,0,"","","Murhekar et al. (1)","http://dx.doi.org/10.4103/ijmr.IJMR_3290_20",1366417750,"https://data.worldbank.org/indicator/SP.POP.TOTL?locations=IN","2020-05-11","2020-06-04","Low","India","South Asia","India","India","India","India",0.34,1.13,4172,45766,0,"For \citet{murhekar2020prevalence}, we obtained the number of cumulative deaths for India, from the Our World in Data COVID-19 dataset available at: \url{ourworldindata.org/coronavirus/country/india}  (accessed on April 28, 2021).   We multiplied the number recorded for 14 days after the end of the sampling window of 12,573 by a factor of 3.64 (based on the upper bound of \citet{purkayastha2021estimating}'s estimated underreporting factor for India (first wave))  in order to account for potential underreporting.  As such, our interval is relatively wide and reflects the uncertainty in the true number of deaths: [4,172, 45766].  (\citet{purkayastha2021estimating}: ""Estimates from epidemiological models: For wave 1 our estimate ... an underreporting factor for cases estimated at 11.11 (95% CrI 10.71 – 11.47) and for deaths at 3.56 (95% CrI 3.48 – 3.64)."")",6," Data for the proportion aged over 65 is from World Bank's World Development Indicators (WDI) data (see \url{https://data.worldbank.org/indicator/SP.POP.65UP.TO.ZS}  (last updated 2021-03-19)).",4735,"GDP value is from value listed for India from World Bank's World Development Indicators (WDI) data (see: \url{https://data.worldbank.org/indicator/NY.GDP.PCAP.PP.CD} (last updated 2021-04-26)). ",1,4735,1
"9","{sharma2020seroprevalence}","201214_Delhi_MaulanaAzadMedicalCollege_Oct_PopTestAdj","Stratified probability",1,1,1,0,0,0,"","","Sharma et al.","https://www.medrxiv.org/content/10.1101/2020.12.13.20248123v1",19800000,"we use 18.9 million as the estimated population of Delhi, the number cited by both Sharma et al. (2020) and Bhattacharyya et al. (2021), while Chen et al. (2021) use a much different number: 30,290,936 (see Table S14 in Supplementary appendix 2 of Chen et al. (2021)).","2020-08-01","2020-08-07","Low","India","South Asia","India; NCT Delhi","Delhi, India","India","National Capital Territory of Delhi",27.65,29.14,4188,26901,0,"Data for the number of deaths for Delhi was obtained from Wikipedia (\url{en.wikipedia.org/wiki/COVID-19_pandemic_in_Delhi}; accessed on April 28, 2021) which sourced the information from the Delhi State Health Bulletin (\url{https://delhifightscorona.in/}).  We multiplied the number recorded for 14 days after the end of the sampling window of 4,270 by a factor of 6.3 (based on  the upper bound of \citet{mukherjee2021estimating}'s estimated underreporting factor) in order to account for potential underreporting.  As such, our interval is relatively wide and reflects the uncertainty in the true number of deaths: [4,188, 26,901].",4,"Data for the proportion aged over 65 is from Statistics Times for 2011  (\url{http://statisticstimes.com/demographics/india/delhi-population.php}; accessed on April 29, 2021).",12817,"GDP value is from value listed for India from World Bank's World Development Indicators (WDI) data (see: \url{https://data.worldbank.org/indicator/NY.GDP.PCAP.PP.CD} (last updated 2021-04-26)).  Note that we use 18.9 million as the estimated population of Delhi, the number cited by both \citet{sharma2020seroprevalence} and \citet{bhattacharyya2021incorporating}, while \citet{chen2021serological} use a much different number: 30,290,936 (see Table S14 in Supplementary appendix 2 of \citet{chen2021serological}).",1,12817,1
"19","{snoeck2020prevalence}","200518_Luxembourg_LuxembourgInstituteofHealth_GenPop_IgGPopAdj","Stratified probability",0,1,0,0,0,0,"","","Snoeck et al.","DOI: https://doi.org/10.1101/2020.05.11.20092916.",632275,"Population value from World Bank for Luxembourg, 2020 (see \url{https://data.worldbank.org/indicator/SP.POP.TOTL?locations=LU}; accessed July 30, 2021).","2020-04-15","2020-05-05","moderate","Luxembourg","Europe","Luxembourg","Luxembourg","Luxembourg","Luxembourg",1.23,2.77,89,109,1,"\citet{snoeck2020prevalence} ``recruited a representative sample of the Luxembourgish population'' between April 16th and May 5th, and obtained a 95\% CI of [1.23\%, 2.77\%].  Two different 95\% CIs, obtained with and without adjustment for age, gender and canton are provided in the paper: [1.23\%; 2.67\%] and  [1.34\%; 2.77\%].  As such, we record [1.23\%; 2.77\%] for our IR interval.  Data for the number of deaths was obtained from the Our World in Data COVID-19 dataset available at: \url{ourworldindata.org/coronavirus/country/luxembourg}  (accessed on April 28, 2021).",14,"Data for the proportion aged over 65 is from World Bank's World Development Indicators (WDI) data (see \url{https://data.worldbank.org/indicator/SP.POP.65UP.TO.ZS}  (last updated 2021-03-19)).",122166,"GDP value is from value listed for Luxembourg from World Bank's World Development Indicators (WDI) data (see: \url{https://data.worldbank.org/indicator/NY.GDP.PCAP.PP.CD} (last updated 2021-04-26)).",1,122166,1
"20","{vos2020nationwide}","201128_Netherlands_CentreforInfectiousDiseaseControl_genpop_overall","Stratified probability",1,1,1,0,0,0,"","","Vos et al.","https://dx.doi.org/10.1136/jech-2020-215678",17344874,"Population value is from the World Bank (\url{https://data.worldbank.org/indicator/SP.POP.TOTL?locations=NL}; accessed July 30, 2021).","2020-03-31","2020-05-11","Low","Netherlands","Europe","Netherlands","Netherlands","Netherlands","Netherlands",2.1,3.7,2955,5849,1,"For \citet{vos2020nationwide}, mortality data for the Netherlands was obtained from the Our World in Data COVID-19 dataset available at: \url{ourworldindata.org/coronavirus/country/netherlands}  (accessed on April 28, 2021).",20,"Data for the proportion aged over 65 is also from World Bank's World Development Indicators (WDI) data (see \url{https://data.worldbank.org/indicator/SP.POP.65UP.TO.ZS}  (last updated 2021-03-19)).",59685,"GDP value is from value listed for Netherlands from World Bank's World Development Indicators (WDI) data (see: \url{https://data.worldbank.org/indicator/NY.GDP.PCAP.PP.CD} (last updated 2021-04-26)).",1,59685,1
"23","{barchuk2020seroprevalence}","201104_SaintPetersburg_EuropeanUniversity_ELISA_Overall_PopTestAdj","Simplified probability",1,1,1,0,0,0,"","","Barchuk et al.","https://www.medrxiv.org/content/10.1101/2020.11.02.20221309v1",5351935,"The population value is from \url{https://en.wikipedia.org/wiki/Saint_Petersburg} (accessed June 21, 2021)).","2020-05-27","2020-06-26","Low","Russian Federation","Europe","Russian Federation","Saint Petersburg, Russia","Russian Federation","Federal City of Saint Petersburg",5.6,12.9,2978,4776,0,"For \citet{barchuk2020seroprevalence}, we used excess death numbers as reported by \citet{kobak2021excess}. Russian official statistics appear to underestimate the true number of fatalities by a substantial factor \cite{karlinsky2021world}.",18,"Data for the proportion aged over 65 is from \citet{barchuk2020seroprevalence} (see Table A3 ``KOUZh-2018'').  ",30144,"GDP value is from value listed for Russian Federation from World Bank's World Development Indicators (WDI) data (see: \url{https://data.worldbank.org/indicator/NY.GDP.PCAP.PP.CD} (last updated 2021-04-26)).",1,30144,1
"24","{pollan2020prevalence}","200706_Spain_InstituteofHealthCarlosIII_GeneralPopulation_ImmunoAssay","Stratified probability",1,1,1,0,0,0,"","","Pollan et al.","https://www.thelancet.com/journals/lancet/article/PIIS0140-6736(20)31483-5/fulltext",47351567,"Population value is from  the World Bank for 2020 (\url{https://data.worldbank.org/indicator/SP.POP.TOTL?locations=ES}; accessed July 30, 2021).","2020-04-27","2020-05-11","Low","Spain","Europe","Spain","Spain","Spain","Spain",3.3,6.6,26834,26920,1,"Data for the number of deaths was obtained from Wikipedia (\url{en.wikipedia.org/wiki/COVID-19_pandemic_in_Spain}; accessed on April 28, 2021) which sourced the information from the Centro Nacional de Epidemiología (\url{cnecovid.isciii.es/covid19/}).  Note that, the number of deaths of for 2020-05-11 of 26,920 (14 days after the start of the sampling window), is actually higher than the number of deaths for 2020-05-25 of 26,834 (14 days after the end of the sampling window).  This may be due to a reporting issue which is noted by Wikipedia: ``Figures for 2020-05-24 to 2020-06-17 include corrections in the validation of past data from several autonomous communities as a result of the transition to a new surveillance methodology implemented from 2020-05-11.''",20,"Data for the proportion aged over 65 is from World Bank's World Development Indicators (WDI) data (see \url{https://data.worldbank.org/indicator/SP.POP.65UP.TO.ZS}  (last updated 2021-03-19)).",42362,"GDP value is from value listed for Spain from World Bank's World Development Indicators (WDI) data (see: \url{https://data.worldbank.org/indicator/NY.GDP.PCAP.PP.CD} (last updated 2021-04-26)).",1,42362,1
"26","{stringhini2020seroprevalence}","210201_Geneva_GenevaUniversityHospitals_overall_adj (not the same article; but reporting on same survey)","Stratified probability",0,1,0,0,0,0,"","","Stringhini et al. (1)","https://doi.org/10.1016/S0140-6736(20)31304-0",504128,"Population value is from the the Swiss Federal Statistical Office (\url{https://www.bfs.admin.ch/bfs/en/home/statistics/regional-statistics/regional-portraits-key-figures/cantons/geneva.html}; accessed July 30, 2021). 
","2020-04-06","2020-05-09","Low","Switzerland","Europe","Geneva, Switzerland","Geneva, Switzerland (1)","Switzerland","Lake Geneva Region",8.15,13.95,221,280,1,"For \citet{stringhini2020seroprevalence}, mortality data for the canton of Geneva were obtained from an excel file made publicly available by a Swiss government website at: \url{ge.ch/document/covid-19-donnees-completes-debut-pandemie} (accessed on April 28, 2021).",16,"Data for the proportion aged over 65 is from \url{https://www.bfs.admin.ch/bfs/en/home/statistics/regional-statistics/regional-portraits-key-figures/cantons/geneva.html}.",68964,"GDP value is from value listed for Switzerland from World Bank's World Development Indicators (WDI) data (see: \url{https://data.worldbank.org/indicator/NY.GDP.PCAP.PP.CD} (last updated 2021-04-26)).",1,68964,1
"27","{ward2020declining}","210210_England_ImperialCollegeLondon_Overall_TestAdjPopAdj","Simplified probability",1,1,1,0,0,0,"","","Ward et al.","https://dx.doi.org/10.1038/s41467-021-21237-w",56550000,"Population value is from the Office of National Statistics report: ``Population estimates for the UK, England and Wales, Scotland and Northern Ireland: mid-2020''' (See Table 2) (\url{https://www.ons.gov.uk/peoplepopulationandcommunity/populationandmigration/populationestimates/bulletins/annualmidyearpopulationestimates/mid2020}; accessed July 30, 2021).","2020-06-20","2020-07-13","Low","The United Kingdom","Europe","The United Kingdom; England","England, UK (2)","United Kingdom","England",5.78,6.14,38996,39995,1,"We obtained the number of cumulative deaths for England from the PHE data series on deaths (\url{https://assets.publishing.service.gov.uk/government/uploads/system/uploads/attachment_data/file/924523/COVID-19_Death_Series_20201006.ods}; accessed on August 6, 2021). PHE data series on deaths notes that: ""There are 2 definitions of a death in a person with COVID-19 in England, one broader measure and one measure reflecting current trends: 1) A death in a person with a laboratory-confirmed positive COVID-19 test and
either died within 60 days of the first specimen date or died more than 60 days
after the first specimen date, only if COVID-19 is mentioned on the death
certificate; 2) A death in a person with a laboratory-confirmed positive COVID-19 test and
died within (equal to or less than) 28 days of the first positive specimen date.""  We use then numbers calculated from the first definition.",18,"Data for the proportion aged over 65 is for England from 2019 as listed by LG Inform (see \url{https://tinyurl.com/4vhrb2uu}; accessed on April 29, 2021).",43310.4,"GDP value is from value listed for United Kingdom from World Bank's World Development Indicators (WDI) data (see: \url{https://data.worldbank.org/indicator/NY.GDP.PCAP.PP.CD} (last updated 2021-04-26))",2,43310.4,1
"28","{office}","200626_UK_OfficeforNationalStatistics_May_June2020_England_Genpop","Stratified probability",0,1,0,0,0,0,"","","Office of National Stat","https://www.ons.gov.uk/file?uri=/peoplepopulationandcommunity/healthandsocialcare/conditionsanddiseases/datasets/coronaviruscovid19infectionsurveydata/2020/previous/v26/covid19infectionsurveydatasets20201002.xlsx",56550000,"Population value is from the Office of National Statistics report: ``Population estimates for the UK, England and Wales, Scotland and Northern Ireland: mid-2020''' (See Table 2) (\url{https://www.ons.gov.uk/peoplepopulationandcommunity/populationandmigration/populationestimates/bulletins/annualmidyearpopulationestimates/mid2020}; accessed July 30, 2021).","2020-04-26","2020-09-08","Moderate","The United Kingdom","Europe","England, UK (1)","England, UK (1)","United Kingdom","England",5.4,7.1,28439,41152,1,"For \citet{office}, we obtained the number of cumulative deaths for England from the PHE data series on deaths (\url{https://assets.publishing.service.gov.uk/government/uploads/system/uploads/attachment_data/file/924523/COVID-19_Death_Series_20201006.ods}; accessed on August 6, 2021). PHE data series on deaths notes that: ""There are 2 definitions of a death in a person with COVID-19 in England, one broader measure and one measure reflecting current trends: 1) A death in a person with a laboratory-confirmed positive COVID-19 test and
either died within 60 days of the first specimen date or died more than 60 days
after the first specimen date, only if COVID-19 is mentioned on the death
certificate; 2) A death in a person with a laboratory-confirmed positive COVID-19 test and
died within (equal to or less than) 28 days of the first positive specimen date.""  We use then numbers calculated from the first definition.",18,"Data for the proportion aged over 65 is for England from 2019 as listed by LG Inform (see \url{https://tinyurl.com/4vhrb2uu}; accessed on April 29, 2021).",43310.4,"GDP value is from value listed for United Kingdom from World Bank's World Development Indicators (WDI) data (see: \url{https://data.worldbank.org/indicator/NY.GDP.PCAP.PP.CD} (last updated 2021-04-26)).",2,43310.4,1
"29","{jersey2020}","200707_Jersey_StatisticsJersey_Round3_TestAdj_PopAdj (not the same article; but reporting on same survey)","Simplified probability",0,1,0,0,0,0,"","","Statistics Jersey (1)","https://www.gov.je/SiteCollectionDocuments/Government%20and%20administration/R%20Prevalence%20of%20antibodies%2020200609%20SJ.pdf",107800,"","2020-04-29","2020-05-05","Low","The United Kingdom","Europe","Jersey, UK (1)","Jersey, UK (1)","United Kingdom","United Kingdom",1.8,4.4,27,28,1,"For \cite{jersey2020}, data for the number of deaths was obtained from the Government of Jersey website (\url{https://www.gov.je/datasets/listopendata?listname=COVID19DeathsClassification}; accessed on April 28, 2021) summing both ``probable COVID-19'' deaths and ``laboratory proven'' COVID-19 deaths.",17,"Data for the proportion aged over 65 is from \url{https://www.indexmundi.com/jersey/demographics_profile.html} (accessed on April 29, 2021).",48365,"GDP value is from value listed for United Kingdom from World Bank's World Development Indicators (WDI) data (see: \url{https://data.worldbank.org/indicator/NY.GDP.PCAP.PP.CD} (last updated 2021-04-26)).",1,48365,1
"31","{bruckner2021estimated}","210204_OrangeCounty_UniversityofCaliforniaIrvine_Overall_PopTestAdj ","Stratified probability",1,1,1,0,0,0,"","","Bruckner et al.","https://dx.doi.org/10.1038/s41598-021-82662-x",3010232,"Population value obtained from \url{https://www.census.gov/quickfacts/orangecountycalifornia} (accessed June 27, 2021).","2020-07-10","2020-08-16","Low","United States of America","North America","United States of America; California","Orange County, CA, USA","United States","California",8.1,15.5,556,979,1,"For \citet{bruckner2021estimated}, we obtained number of cumulative deaths for Orange County from Orange County Public Works (as referenced by  \citet{bruckner2021estimated}) at: \url{data-ocpw.opendata.arcgis.com/datasets/2ec9342ffc814cf58161b1cca57365fd_0} (accessed on April 28, 2021).",15,"Data for the proportion aged over 65 is from \url{https://github.com/JieYingWu/COVID-19_US_County-level_Summaries/blob/master/data/README.md} (accessed on April 29, 2021).",79287,"GDP value is from value listed for the state of California, USA, for 2019 at \url{https://en.wikipedia.org/wiki/List_of_U.S._states_and_territories_by_GDP_per_capita} (accessed on April 29, 2021).",1,79287,1
"34","{biggs2020estimated}","200724_DeKalbFulton_CDCCOVID-19ResponseTeam_Overall_PopAdj","Stratified probability",0,1,0,0,0,0,"","","Biggs et al.","DOI: 10.15585/mmwr.mm6929e2",1823234,"","2020-04-28","2020-05-03","Moderate","United States of America","North America","Two counties in GA, USA","DeKalb and Fulton, GA, USA (1)","United States","Georgia",1.4,4.5,221,247,1,"For \citet{biggs2020estimated}, the number of deaths for DeKalb, and Fulton counties was obtained from the county-level COVID-19 dataset curated by the New York Times available at: \url{github.com/nytimes/covid-19-data} (accessed on April 28, 2021).",12,"Data for the proportion aged over 65 is from \url{https://github.com/JieYingWu/COVID-19_US_County-level_Summaries/blob/master/data/README.md} (accessed on April 29, 2021).",58933,"GDP value is from value listed for the state of Georgia, USA, for 2019 at \url{https://en.wikipedia.org/wiki/List_of_U.S._states_and_territories_by_GDP_per_capita} (accessed on April 29, 2021).",1,58933,1
"35","{mahajan2021seroprevalence}","201028_Connecticut_YaleSchoolOfMedicine_GenPop1_Overall_PopAdj","Simplified probability",0,1,0,0,0,0,"","","Mahajan et al.","https://doi.org/10.1016/j.amjmed.2020.09.024",2837877,"\citet{mahajan2021sars}","2020-06-10","2020-07-29","Moderate","United States of America","North America","Connecticut, USA","Connecticut, USA","United States","Connecticut",1.7,6.3,1136,1179,0,"Death data obtained from Wikipedia (https://en.wikipedia.org/wiki/COVID-19_pandemic_in_Connecticut; accessed on July 22, 2021), who reference (https://portal.ct.gov/Coronavirus).  Numbers (4,287 and 4,450) multiplied by 26.6\% (1079/4071) due to the fact that about 26.5\% of COVID-19 deaths in Connecticut occurred in the non-congregate population according to \citet{mahajan2021sars}.",22,"Data for the proportion aged over 65 is derived from Table 1 of \citet{mahajan2021sars}",80729,"GDP value is from value listed for the state of Conneticut, USA, for 2019 at \url{https://en.wikipedia.org/wiki/List_of_U.S._states_and_territories_by_GDP_per_capita} (accessed on April 29, 2021).",1,80729,1
"36","{samore2020sars}","201127_Utah_UniversityOfUtah_GenPop_testadj_popadj","Stratified probability",0,1,0,0,0,0,"","","Samore et al.","DOI: https://doi.org/10.1101/2020.10.26.20219907",2194298,"Population value is from US county-level census data for 2019  for the four counties (636235+1160437+355481+42145)  (see \url{https://www.census.gov/data/datasets/time-series/demo/popest/2010s-counties-total.html}; accessed July 30, 2021).","2020-05-04","2020-06-30","Moderate","United States of America","North America","Four counties in UT, USA","Four counties in UT, USA","United States","Utah",0.1,1.6,69,168,1,"For \citet{samore2020sars}, data for the number of deaths for the counties of Utah county, Salt Lake county, Davis county, and Summit county, was obtained from  the county-level COVID-19 dataset curated by the New York Times available at: \url{github.com/nytimes/covid-19-data} (accessed on April 28, 2021).",10,"Data for the proportion aged over 65 is from \url{https://github.com/JieYingWu/COVID-19_US_County-level_Summaries/blob/master/data/README.md} (accessed on April 29, 2021).",60050,"GDP value is from value listed for the state of Utah, USA, for 2019 at \url{https://en.wikipedia.org/wiki/List_of_U.S._states_and_territories_by_GDP_per_capita} (accessed on April 29, 2021).",1,60050,1
"37","{sood2020seroprevalence}","200518_LosAngelesCounty_StanfordUniversity_GenPopWeighted_TestAdj","Stratified probability",0,1,0,0,0,0,"","","Sood et al.","doi:10.1001/jama.2020.8279",9435450,"Population value is from US county-level census data for 2019 (see \url{https://www.census.gov/data/datasets/time-series/demo/popest/2010s-counties-total.html}; accessed July 30, 2021).  We use LA country population less the population of the cities of Long Beach and Pasedena, since these scities are not included in the deaths data.","2020-04-10","2020-04-14","Moderate","United States of America","North America","Los Angeles County, CA, USA","Los Angeles County, CA, USA","United States","California",2.52,7.07,943,1114,1,"For \citet{sood2020seroprevalence}, data for the number of deaths for Los Angeles county, CA was obtained from the government of LA county COVID-19 dashboard who note that for the death data:  ``Records documented in CMR16 and reported/identified through routine death reporting surveillance.'' (\url{dashboard.publichealth.lacounty.gov/covid19_surveillance_dashboard/}; accessed on April 28, 2021).   \citet{sood2020seroprevalence} notes that ``Residents of Los Angeles County, California, within a 15-mile (24 km) radius of the testing site were eligible for participation.''",14,"Data for the proportion aged over 65 is from \url{https://github.com/JieYingWu/COVID-19_US_County-level_Summaries/blob/master/data/README.md} (accessed on April 29, 2021).",79287,"GDP value is from value listed for the state of California, USA, for 2019 at \url{https://en.wikipedia.org/wiki/List_of_U.S._states_and_territories_by_GDP_per_capita} (accessed on April 29, 2021).",1,79287,1
"38","{tess2020sars}","200629_SaoPaulo_UniversidadedeSaoPaulo_GenPopulation","Simplified probability",0,1,0,1,0,1,"death data not found","death data not found","Tess et al.","https://doi.org/10.1101/2020.06.29.20142331",NA,"","","","","Brazil","South America","Six districts of São Paulo, Brazil","Six districts of São Paulo, Brazil","Brazil","",NA,NA,NA,NA,NA,"",NA,"",NA,"",NA,NA,0
"43","{poustchi2021sars} ","201215_Iran_TehranUniversityofMedicalSciences_GenPop1_overall_PopTestAdj","Stratified probability",1,1,1,1,0,1,"death data not found","No (excess) mortality data available for the specific target population (i.e., for the 18 specific Iranian cities).","Poustchi et al.","http://dx.doi.org/10.1016/S1473-3099%2820%2930858-6",NA,"","2020-04-17","2020-06-02","Low","Iran (Islamic Republic of)","Middle East","Iran (Islamic Republic of)","18 cities of Iran","Iran","Iran",14.6,19.5,NA,NA,NA,"\citet{kobak2021excess} suggest that official mortality data for Iran is innacurate.  Furthermore, city specific mortality data could not be found; however see Ghafari et al. (2021) for a provinve-level analysis of excess deaths associated with the Iranian COVID-19 epidemic.",NA,"",NA,"",0,NA,0
"44","{shakiba2020seroprevalence}","201221_Guilan_TehranUniversityofMedicalSciences_overall","Stratified probability",0,1,0,1,0,1,"death data not found","death data not found","Shakiba et al.","",NA,"","","","","Iran (Islamic Republic of)","Middle East","Guilan Province, Iran","Guilan Province, Iran","Iran","",NA,NA,NA,NA,NA,"",NA,"",NA,"",NA,NA,0
"47","{Alemu2020} ","201013_AddisAbaba_MinistryOfHealthEthiopia_TestAdj_PopUnAdj","Simplified probability",0,1,0,1,0,1,"not included in \citet{karlinsky2021world} analysis","\citet{karlinsky2021world} do not include Ethiopia in their analysis, so their excess death numbers are unavailable for us to determine if the official COVID-19 mortality numbers are accurate.","Alemu et al.","https://doi.org/10.1101/2020.10.13.337287;",4793699,"Alemu et al. note that: ""The study was undertaken in Addis Ababa, the capital city of Ethiopia, with an estimated total population of 4,793,69917.""","2020-04-23","2020-04-28","","Ethiopia","Africa","Addis Ababa, Ethiopia","Addis Ababa, Ethiopia","Ethiopia","",5.5,11.6,4,6,0,"Twitter account:  https://twitter.com/Harun_Asefa/status/1265960797634727936 and https://twitter.com/Harun_Asefa/status/1259069832877793280",3.5,"https://data.worldbank.org/indicator/SP.POP.65UP.TO.ZS?locations=ET",NA,"",NA,NA,0
"48","{nisarserial}","210321_Karachi_AgaKhanUniversity_Phase1Malir_PopAdj_TestAdj","Simplified probability",0,1,0,1,0,1,"not included in \citet{karlinsky2021world} analysis","death data not found","Nisar et al.","https://doi.org/10.1101/2020.07.28.20163451",NA,"","","","","Pakistan","South Asia","Two neighborhoods of Karachi, Pakistan","Two neighborhoods of Karachi, Pakistan","Pakistan","Pakistan",NA,NA,NA,NA,NA,"",NA,"",NA,"",NA,NA,0
"50","{wang2020population}","200923_Beijing_PekingUniversity_Overall","Stratified probability",0,1,0,0,1,1,"95% interval not provided","95% interval not provided","Wang et al.","https://doi.org/10.1101/2020.09.23.20197756",NA,"","","","","China","East Asia","Beijing, China","Beijing, China","China","",NA,NA,NA,NA,NA,"",NA,"",NA,"",NA,NA,0
"52","{majiya2020seroprevalence}","200805_Niger_IbrahimBadamasiBabangidaUniversity_IgG_GenPop_UnAdj","Stratified probability",0,1,0,0,1,1,"95% interval not provided","95% interval not provided","Majiya et al.","https://doi.org/10.1101/2020.08.04.20168112",NA,"","","","","Niger","Africa","Niger","Niger","Niger","Niger",NA,NA,NA,NA,NA,"",NA,"",NA,"",NA,NA,0
"53","{borges2020seroprevalence}","201006_Brazil_FederalUniversityofSergipe_genpop_IgG","Convenience",0,1,0,0,1,1,"convenience sampling","convenience sampling (but also 95% interval not provided).","Borges et al.","10.26633/RPSP.2020.108",NA,"","","","","Brazil","South America","Sergipe (10 cities), Brazil","Sergipe (10 cities), Brazil","Brazil","Sergipe, Brazil",NA,NA,NA,NA,NA,"",NA,"",NA,"",NA,NA,0
"54","{ling2020seroprevalence} ","200825_Wuhan_ChineseCenterforDiseaseControlandPrevention_primary","Self-referral",0,1,0,0,1,1,"convenience sampling","self-referral (but also death data not found reliable).","Ling et al.","https://ssrn.com/abstract=3629491 or http://dx.doi.org/10.2139/ssrn.3629491",NA,"","","","","China","East Asia","Wuhan, China","Wuhan, China","China","",NA,NA,NA,NA,NA,"",NA,"",NA,"",NA,NA,0
"55","{gudbjartsson2020humoral}","200901_Iceland_deCODEGenetics_OverallPopAdj","Convenience",0,1,0,0,1,1,"convenience sampling","convenience sampling","Gudbjartsson et al.","DOI: 10.1056/NEJMoa2026116",366425,"https://data.worldbank.org/indicator/SP.POP.TOTL?locations=IS","2020-04-27","2020-06-05","Moderate","Iceland","Europe","Iceland","Iceland","Iceland","",NA,NA,NA,NA,NA,"",16,"https://data.worldbank.org/indicator/SP.POP.65UP.TO.ZS?locations=IS",NA,"",NA,NA,0
"57","{appa2020universal}","2010330_Bolinas_UniversityofCalifornia_Abbott+ELISA","Self-referral",0,1,0,0,1,1,"convenience sampling","recruited volunteers with support from Bolinas community leaders (``self-referral'')","Appa et al.","DOI: https://doi.org/10.1093/ofid/ofaa531",1620,"","2020-04-20","2020-04-24","moderate","United States of America","North America","Bolinas, CA, USA","Bolinas, CA, USA","United States","United States",0.02,0.46,0,0,NA,"For \cite{appa2020universal}, specific information on deaths for the small town of Bolinas, CA,  were difficult to obtain from publicly available databases.  Reports in the press suggest that there were zero deaths; see for example: \url{www.newyorker.com/news/california-chronicles/bolinas-california-the-town-that-tested-itself-for-the-coronavirus}.",47,"",65297.5,"",NA,65297.5,0
"58","{bendavid2020covid}","210222_SantaClaraCounty_UniversityofStanford_GenPop_PopTestAdj","Stratified non-probability",0,1,0,0,1,1,"convenience sampling","recruited participants by placing targeted advertisements on Facebook (``stratified non-probability'')","Bendavid et al.","https://doi.org/10.1093/ije/dyab010",1943411,"","2020-04-03","2020-04-04","high","United States of America","North America","Santa Clara county, CA, USA","Santa Clara County, CA, USA","United States","United States",0.66,4.22,86,90,NA,"For \citet{bendavid2020covid}, we obtained number of cumulative deaths for  Santa Clara County from the SCC Dashboard (data.sccgov.org/)  (as referenced by  \citet{bendavid2020covid}) available at: \url{www.sccgov.org/sites/covid19/Pages/dashboard.aspx} (accessed on April 28, 2021).",13,"",65297.5,"",NA,65297.5,0
"59","{mclaughlin2020high}","200721_Idaho_UniversityofWashington_TotalPopTestAdj","Self-referral",0,1,0,0,1,1,"convenience sampling","sampled individuals from a list of volunteers (``self-referral'')","McLaughlin et al.","DOI: https://doi.org/10.1101/2020.07.19.20157198",23089,"","2020-05-04","2020-05-19","moderate","United States of America","North America","Blaine, ID, USA","Blaine, ID, USA","United States","United States",14,26,5,5,NA,"For \citet{mclaughlin2020high}, we obtained the number of cumulative deaths for Blaine County, ID, from the county-level COVID-19 dataset curated by the New York Times available at: \url{github.com/nytimes/covid-19-data} (accessed on April 28, 2021).",20,"",65297.5,"",NA,65297.5,0
"60","{naranbhai2020high}","200909_Chelsea_MassachusettsGeneralHospital_Overall_TestAdj","convenience",0,1,0,0,1,1,"convenience sampling","convenience sampling (but also 95% interval not provided)","Naranbhai et al.","doi: 10.1093/infdis/jiaa579.",NA,"","","","","United States of America","North America","Chelsea, MA, USA","Chelsea, MA, USA","United States","United States",NA,NA,NA,NA,NA,"",NA,"",NA,"",NA,NA,0
"61","{rosenberg2020cumulative}","200617_NewYork_StateUniversityofNewYork_GeneralPopTestPopAdj","Convenience",0,1,0,0,1,1,"convenience sampling","sampled individuals at grocery stores (``convenience'')","Rosenberg et al.","doi: 10.1016/j.annepidem.2020.06.004",19336776,"","2020-04-19","2020-04-28","moderate","United States of America","North America","New York state, USA","New York state, USA","United States","United States",13.3,14.7,19189,21845,NA,"For \citet{rosenberg2020cumulative}, data for the number of deaths was obtained from \url{covidtracking.com/data/state/new-york}; (accessed on April 28, 2021).",16,"",65297.5,"",NA,65297.5,0
"62","{murhekar2021sars}","210127_India_ICRM_overall_adj","Stratified probability",1,1,1,0,1,1,"duplicate","duplicate","Murhekar et al. (2)","https://dx.doi.org/10.1016/S2214-109X(20)30544-1",NA,"","","","Low","India","India","India","India","India","India",NA,NA,NA,NA,NA,"",NA,"",4735,"",1,4735,1
"65","{richard2020seroprevalence}","201218_Geneva_GenevaUniversityHospitals_overall_adj","Stratified probability",0,1,0,0,1,1,"duplicate","duplicate","Richard et al.","https://www.medrxiv.org/content/10.1101/2020.12.16.20248180v1.full.pdf",504128,"Population value is from the the Swiss Federal Statistical Office (\url{https://www.bfs.admin.ch/bfs/en/home/statistics/regional-statistics/regional-portraits-key-figures/cantons/geneva.html}; accessed July 30, 2021). ","","","","Switzerland","Europe","Geneva, Switzerland","Geneva, Switzerland","Switzerland","",NA,NA,NA,NA,NA,"",NA,"",NA,"",NA,NA,0
"67","{malani2021seroprevalence}","201113_Mumbai_TataInstituteforFundamentalResearch_nonslums_adj;  201113_Mumbai_TataInstituteforFundamentalResearch_slums_testpopadj","Stratified probability",0,1,0,0,1,1,"narrow target population","death data not found","Malani et al.","DOI: https://doi.org/10.1016/S2214-109X(20)30467-8",NA,"","","","","India","India","Mumbai, India","Mumbai, India","India","India",NA,NA,NA,NA,NA,"",NA,"",4735,"",NA,4735,1
"70","{hallal2020sars}","210629_RioGrandedoSul_UniversidadeFederaldePelotas_round1_primary","Stratified probability",0,1,0,0,1,1,"no longer considered accurate based on new information  ","new info. about antibody test","Hallal et al.","DOI: https://doi.org/10.1016/S2214-109X(20)30387-9",55444592,"","2020-05-14","2020-05-21","moderate","Brazil","South America","Brazil (83 cities)","Brazil (83 cities)","Brazil","Brazil",1.5,2.2,9659,13119,NA,"For the \citet{hallal2020sars}, we consider only results from the first phase (the May 14 - May 21 survey), and we consider the subset of 83 municipalities where it was possible to conduct 200 or more tests during both survey waves.  Data for the number of deaths was obtained from the public Painel Coronavírus dataset (available at \url{https://github.com/mquartin/covid19-ifr-br}; accessed on April 28, 2021).  The date of death in Painel Coronavírus dataset is not the actual time of death but rather the time of notification.  For this reason we considered the number of deaths for a given date as the number of deaths recorded in the  Painel Coronavírus dataset following the analysis of \citet{marra2020bayesian}",9,"",15300,"",NA,15300,0
